{"flexibleLayout":true,"name":"Impala load","owner":"admin","suppressWarnings":false,"userCreated":true,"version":2,"viewPlots":[{"plot":{"chartType":"line","errorStyle":"auto","expandRange":false,"facetting":"__single_plot__","hideIfNoSeries":false,"interpolation":"linear","mustUseDesiredRollup":false,"scale":"linear","showDescription":false,"title":"System_load_1_min","tsquery":"select load_1"}},{"plot":{"chartType":"line","errorStyle":"auto","expandRange":false,"facetting":"__single_plot__","hideIfNoSeries":false,"interpolation":"linear","mustUseDesiredRollup":false,"scale":"log","showDescription":false,"title":"Query Duration","titleResourceId":"message.plot.impala_query_duration.title","tsquery":"select query_duration from IMPALA_QUERIES where serviceName=\"IMPALA-1\" AND (query_state=FINISHED OR query_state=EXCEPTION)"}},{"plot":{"chartType":"stackarea","errorStyle":"auto","expandRange":false,"facetting":"__single_plot__","hideIfNoSeries":true,"interpolation":"linear","mustUseDesiredRollup":false,"scale":"linear","showDescription":false,"title":"Completed Impala Queries Per Min","tsquery":"select total_num_queries_rate_across_impalads * 60 where category = SERVICE and serviceType = IMPALA"}},{"plot":{"chartType":"line","errorStyle":"auto","expandRange":false,"facetting":"__single_plot__","hideIfNoSeries":false,"interpolation":"linear","mustUseDesiredRollup":false,"scale":"linear","showDescription":false,"title":"Impala_service_memory","tsquery":"select mem_rss where category = role and roleType=IMPALAD"}},{"plot":{"chartType":"line","errorStyle":"auto","expandRange":false,"facetting":"__single_plot__","hideIfNoSeries":false,"interpolation":"linear","mustUseDesiredRollup":false,"scale":"linear","showDescription":false,"title":"Impala_service_CPU","tsquery":"select cpu_user_rate / getHostFact(numCores, 1) * 100 + cpu_system_rate / getHostFact(numCores, 1) * 100 where category = role and roleType=IMPALAD"}},{"plot":{"chartType":"line","errorStyle":"auto","expandRange":false,"facetting":"__single_plot__","hideIfNoSeries":false,"interpolation":"linear","mustUseDesiredRollup":false,"scale":"linear","showDescription":false,"title":"Fragment_rate_per_min","tsquery":"SELECT num_fragments_rate*60"}},{"plot":{"chartType":"line","errorStyle":"auto","expandRange":false,"facetting":"__single_plot__","hideIfNoSeries":false,"interpolation":"linear","mustUseDesiredRollup":false,"scale":"linear","showDescription":false,"title":"Disk_stats","tsquery":"select service_time, await_time, await_read_time, await_write_time where category = disk and logicalPartition = false"}},{"plot":{"chartType":"line","errorStyle":"auto","expandRange":false,"facetting":"__single_plot__","hideIfNoSeries":false,"interpolation":"linear","mustUseDesiredRollup":false,"scale":"linear","showDescription":false,"title":"Hosts_network","tsquery":"select total_bytes_receive_rate_across_network_interfaces + total_bytes_transmit_rate_across_network_interfaces"}},{"plot":{"chartType":"line","errorStyle":"auto","expandRange":false,"facetting":"__single_plot__","hideIfNoSeries":false,"interpolation":"linear","mustUseDesiredRollup":false,"scale":"linear","showDescription":false,"title":"Hosts_disk_swap","tsquery":"SELECT swap_out_rate"}},{"plot":{"chartType":"line","errorStyle":"auto","expandRange":false,"facetting":"__single_plot__","hideIfNoSeries":false,"interpolation":"linear","mustUseDesiredRollup":false,"scale":"linear","showDescription":false,"title":"Cluster CPU","titleResourceId":"message.plot.landing_page_cpu.title","tsquery":"select cpu_percent_across_hosts where category = CLUSTER","ymax":100.0,"ymin":0.0}},{"plot":{"chartType":"line","errorStyle":"auto","expandRange":false,"facetting":"__single_plot__","hideIfNoSeries":false,"interpolation":"linear","mustUseDesiredRollup":false,"scale":"linear","showDescription":false,"title":"Cluster Network IO","titleResourceId":"message.plot.landing_page_network_io.title","tsquery":"select total_bytes_receive_rate_across_network_interfaces, total_bytes_transmit_rate_across_network_interfaces where category = CLUSTER"}}]}